<?xml version="1.0" encoding="UTF-8"?>
<decorators defaultdir="/WEB-INF/layouts/">
  <excludes>
    <pattern>/static/**</pattern>
    <pattern>/cxf/*</pattern>
    <pattern>/api/*</pattern>
    <pattern>/css/*</pattern>
    <pattern>/js/*</pattern>
    <pattern>/inc*</pattern>
    <pattern>/acct/login*</pattern>
    <pattern>/*.html</pattern>
    <pattern>/*.htm</pattern>
    <pattern>/My97DatePicker*</pattern>
  </excludes>

  <decorator name="web_default" page="web_default.jsp">
    <pattern>/*</pattern>
  </decorator>
  <decorator name="acct_default" page="acct_default.jsp">
    <pattern>/*</pattern>
  </decorator>

</decorators>